{
    "473 MHz": {
        "distribution": 12,
        "values": [
            4.2332,
            0.40652,
            0.02061
        ]
    },
    "479 MHz": {
        "distribution": 2,
        "values": [
            3.2265,
            3.2995,
            0.05,
            0.767
        ]
    },
    "485 MHz": {
        "distribution": 2,
        "values": [
            2.2178,
            0.94906,
            0.04995,
            0.75
        ]
    },
    "491 MHz": {
        "distribution": 12,
        "values": [
            36.389,
            3.4669,
            -2.9328
        ]
    },
    "497 MHz": {
        "distribution": 12,
        "values": [
            2.8772,
            0.12598,
            0.0
        ]
    },
    "503 MHz": {
        "distribution": 12,
        "values": [
            3.0459,
            0.10886,
            0.0
        ]
    },
    "509 MHz": {
        "distribution": 12,
        "values": [
            0.80826,
            0.11247,
            0.05
        ]
    },
    "551 MHz": {
        "distribution": 3,
        "values": [
            0.55685,
            0.19368
        ]
    },
    "557 MHz": {
        "distribution": 3,
        "values": [
            0.59851,
            0.07965
        ]
    }
}